{"cameraMode":{"drawMode":0,"name":"Shaded","section":"Shading Mode"},"sceneLighting":false,"audioPlay":false,"sceneViewState":{"showFog":true,"showMaterialUpdate":false,"showSkybox":false,"showFlares":true,"showImageEffects":true,"showParticleSystems":true},"in2DMode":false,"pivot":{"x":0.2723683714866638,"y":1.66727614402771,"z":-0.31232500076293948},"rotation":{"x":-0.006045989692211151,"y":0.9939490556716919,"z":-0.07918588072061539,"w":-0.07588973641395569},"size":2.4595119953155519,"orthographic":false}