{"cameraMode":{"drawMode":0,"name":"Shaded","section":"Shading Mode"},"sceneLighting":false,"audioPlay":false,"sceneViewState":{"showFog":true,"showMaterialUpdate":false,"showSkybox":false,"showFlares":true,"showImageEffects":true,"showParticleSystems":true},"in2DMode":false,"pivot":{"x":0.21412158012390138,"y":0.3053402900695801,"z":-1.9855210781097413},"rotation":{"x":-0.038564421236515048,"y":0.9588451385498047,"z":-0.15966108441352845,"w":-0.23159879446029664},"size":2.7567505836486818,"orthographic":false}