{"cameraMode":{"drawMode":0,"name":"Shaded","section":"Shading Mode"},"sceneLighting":false,"audioPlay":false,"sceneViewState":{"showFog":true,"showMaterialUpdate":false,"showSkybox":false,"showFlares":true,"showImageEffects":true,"showParticleSystems":true},"in2DMode":false,"pivot":{"x":-5.247537612915039,"y":1.723026156425476,"z":-0.9388959407806397},"rotation":{"x":0.09289074689149857,"y":-0.46055859327316286,"z":0.04853716120123863,"w":0.8814198970794678},"size":2.0685641765594484,"orthographic":false}