{"cameraMode":{"drawMode":0,"name":"Shaded","section":"Shading Mode"},"sceneLighting":false,"audioPlay":false,"sceneViewState":{"showFog":true,"showMaterialUpdate":false,"showSkybox":false,"showFlares":true,"showImageEffects":true,"showParticleSystems":true},"in2DMode":false,"pivot":{"x":-4.720157623291016,"y":1.3794037103652955,"z":-1.4082536697387696},"rotation":{"x":0.030805014073848726,"y":-0.9606537222862244,"z":0.118759885430336,"w":0.24918344616889954},"size":1.9755282402038575,"orthographic":false}