{"cameraMode":{"drawMode":0,"name":"Shaded","section":"Shading Mode"},"sceneLighting":false,"audioPlay":false,"sceneViewState":{"showFog":true,"showMaterialUpdate":false,"showSkybox":false,"showFlares":true,"showImageEffects":true,"showParticleSystems":true},"in2DMode":false,"pivot":{"x":-0.3034631013870239,"y":0.09816634654998779,"z":0.4275422692298889},"rotation":{"x":-0.14055481553077699,"y":0.831139326095581,"z":-0.2435036450624466,"w":-0.47974899411201479},"size":0.7818705439567566,"orthographic":false}