{"cameraMode":{"drawMode":0,"name":"Shaded","section":"Shading Mode"},"sceneLighting":false,"audioPlay":false,"sceneViewState":{"showFog":true,"showMaterialUpdate":false,"showSkybox":false,"showFlares":true,"showImageEffects":true,"showParticleSystems":true},"in2DMode":false,"pivot":{"x":-0.666888952255249,"y":-0.26120126247406008,"z":0.18333148956298829},"rotation":{"x":0.14664903283119203,"y":-0.23353928327560426,"z":0.03565439581871033,"w":0.9605631828308106},"size":1.4685642719268799,"orthographic":false}