{"cameraMode":{"drawMode":0,"name":"Shaded","section":"Shading Mode"},"sceneLighting":false,"audioPlay":false,"sceneViewState":{"showFog":true,"showMaterialUpdate":false,"showSkybox":false,"showFlares":true,"showImageEffects":true,"showParticleSystems":true},"in2DMode":false,"pivot":{"x":-0.02057504653930664,"y":5.684779167175293,"z":-2.628807306289673},"rotation":{"x":0.2080446034669876,"y":-0.1576680988073349,"z":0.034001126885414126,"w":0.9647295475006104},"size":5.292001247406006,"orthographic":false}